<application>
  <component name="FileTypeManager" version="18">
    <extensionMap>
      <mapping pattern="TestGit" type="AUTO_DETECTED" />
      <mapping pattern="text" type="AUTO_DETECTED" />
      <mapping ext="space.kts" type="Kotlin" />
      <mapping ext="gradle.kts" type="Kotlin" />
      <mapping ext="main.kts" type="Kotlin" />
      <mapping pattern="tt" type="PLAIN_TEXT" />
      <mapping pattern="zt" type="PLAIN_TEXT" />
      <mapping ext="woff2" type="PLAIN_TEXT" />
      <mapping ext="propertise" type="PLAIN_TEXT" />
      <mapping ext="woff" type="PLAIN_TEXT" />
      <mapping ext="text" type="PLAIN_TEXT" />
      <mapping ext="db" type="PLAIN_TEXT" />
      <mapping pattern="db" type="Properties" />
      <mapping ext="porperties" type="Properties" />
      <mapping pattern="springmvc" type="XML" />
      <mapping pattern="TeacherMapper" type="XML" />
      <mapping pattern="Test" type="XML" />
    </extensionMap>
  </component>
</application>