<application>
  <component name="GitRememberedInputs">
    <option name="visitedUrls">
      <list>
        <UrlAndUserName>
          <option name="url" value="http://gitee.com" />
          <option name="userName" value="healer0604" />
        </UrlAndUserName>
        <UrlAndUserName>
          <option name="url" value="https://gitee.com/healer0604/AllNote.git" />
          <option name="userName" value="" />
        </UrlAndUserName>
        <UrlAndUserName>
          <option name="url" value="https://git.sinosofter.com.cn/mfi/aviva-cofco/aclifewei.git" />
          <option name="userName" value="" />
        </UrlAndUserName>
        <UrlAndUserName>
          <option name="url" value="http://git.sinosofter.com.cn" />
          <option name="userName" value="gsx52982" />
        </UrlAndUserName>
        <UrlAndUserName>
          <option name="url" value="https://git.sinosofter.com.cn/mfi/aviva-cofco/aclife-suggest-ng-front.git" />
          <option name="userName" value="" />
        </UrlAndUserName>
        <UrlAndUserName>
          <option name="url" value="https://github.com/Daniel-0510/SSM2021.git" />
          <option name="userName" value="" />
        </UrlAndUserName>
        <UrlAndUserName>
          <option name="url" value="https://gitee.com/healer0604/ssmlearn.git" />
          <option name="userName" value="" />
        </UrlAndUserName>
      </list>
    </option>
    <option name="cloneParentDir" value="D:\Development\MaYunGitee" />
  </component>
  <component name="Vcs.Log.App.Settings">
    <option name="COLUMN_ID_ORDER">
      <list>
        <option value="Default.Root" />
        <option value="Default.Subject" />
        <option value="Default.Author" />
        <option value="Default.Date" />
      </list>
    </option>
  </component>
  <component name="VcsApplicationSettings">
    <option name="SHOW_WHITESPACES_IN_LST" value="false" />
  </component>
</application>