<application>
  <component name="ProjectManager">
    <defaultProject>
      <component name="AutoImportSettings">
        <option name="autoReloadType" value="SELECTIVE" />
      </component>
      <component name="CompilerConfiguration">
        <bytecodeTargetLevel target="8" />
      </component>
      <component name="MavenImportPreferences">
        <option name="generalSettings">
          <MavenGeneralSettings>
            <option name="localRepository" value="D:\DevSoftware\Maven\apache-maven-3.8.1\MavenRep" />
            <option name="mavenHome" value="D:/DevSoftware/Maven/apache-maven-3.8.1" />
            <option name="userSettingsFile" value="D:\DevSoftware\Maven\apache-maven-3.8.1\conf\settings.xml" />
          </MavenGeneralSettings>
        </option>
      </component>
      <component name="PropertiesComponent">
        <property name="settings.editor.selected.configurable" value="reference.projectsettings.compiler.javacompiler" />
      </component>
    </defaultProject>
  </component>
</application>