<application>
  <component name="AppStorage">
    <option name="newTranslationDialogWidth" value="598" />
    <option name="newTranslationDialogX" value="591" />
    <option name="newTranslationDialogY" value="251" />
    <histories>
      <item value="where does this rule come from?" />
      <item value="This method will be called when Electron has finished initialization and is ready to create browser windows. Some APIs can only be used after this event occurs." />
      <item value="Exit cleanly on request from parent process in development mode." />
      <item value="On macOS it's common to re-create a window in the app when the dock icon is clicked and there are no other windows open." />
      <item value="Scheme must be registered before the app is ready" />
      <item value="Use pluginOptions.nodeIntegration, leave this alone See nklayman.github.iovue-cli-plugin-electron-builderguidesecurity.htmlnode-integration for more info" />
      <item value="Load the url of the dev server if in development mode" />
      <item value="Load the index.html when not in development" />
      <item value="On macOS it is common for applications and their menu bar to stay active until the user quits explicitly with Cmd + Q" />
      <item value="content" />
      <item value="外层" />
      <item value="遮罩" />
      <item value="mark" />
      <item value="专辑" />
      <item value="歌手" />
      <item value="History" />
      <item value="歌词页面" />
      <item value="display" />
      <item value="性别" />
      <item value="地区" />
      <item value="播放量" />
      <item value="作者" />
      <item value="心情" />
      <item value="语种" />
      <item value="风格" />
      <item value="年代" />
      <item value="歌单分类" />
      <item value="跳转" />
      <item value="车载" />
      <item value="音效" />
      <item value="合作" />
      <item value="特色" />
      <item value="产品" />
      <item value="Collect" />
      <item value="Collet" />
      <item value="get Create Song List" />
      <item value="收藏" />
      <item value="get Avator" />
      <item value="browser" />
      <item value="add Song From Song List" />
      <item value="add Songof Song List" />
      <item value="add Songfor Song List" />
      <item value="remove Song From Song List" />
      <item value="从歌单移除歌曲" />
      <item value="移除" />
      <item value="un Add Data" />
      <item value="已添加" />
      <item value="歌曲集合" />
      <item value="歌单" />
      <item value="切换" />
    </histories>
    <option name="languageScores">
      <map>
        <entry key="CHINESE" value="62" />
        <entry key="ENGLISH" value="63" />
        <entry key="FRENCH" value="1" />
        <entry key="ITALIAN" value="1" />
      </map>
    </option>
  </component>
  <component name="Cache">
    <option name="lastTrimTime" value="1659405918006" />
  </component>
</application>