<application>
  <component name="ProjectManager">
    <defaultProject>
      <component name="MavenImportPreferences">
        <option name="generalSettings">
          <MavenGeneralSettings>
            <option name="localRepository" value="D:\Development\Software\Maven\apache-maven-3.8.1-bin\apache-maven-3.8.1\RepMaven" />
            <option name="mavenHome" value="D:/Development/Software/Maven/apache-maven-3.8.1-bin/apache-maven-3.8.1" />
            <option name="userSettingsFile" value="D:\Development\Software\Maven\apache-maven-3.8.1-bin\apache-maven-3.8.1\conf\settings.xml" />
          </MavenGeneralSettings>
        </option>
      </component>
      <component name="ProjectInspectionProfilesVisibleTreeState">
        <entry key="Project Default">
          <profile-state>
            <expanded-state>
              <State />
              <State>
                <id>Android</id>
              </State>
              <State>
                <id>InteroperabilityLintAndroid</id>
              </State>
              <State>
                <id>Kotlin InteroperabilityInteroperabilityLintAndroid</id>
              </State>
              <State>
                <id>LintAndroid</id>
              </State>
              <State>
                <id>Shell script</id>
              </State>
              <State>
                <id>Version control</id>
              </State>
            </expanded-state>
            <selected-state>
              <State>
                <id>Android</id>
              </State>
            </selected-state>
          </profile-state>
        </entry>
      </component>
      <component name="ProjectViewState">
        <option name="hideEmptyMiddlePackages" value="true" />
        <option name="showExcludedFiles" value="true" />
        <option name="showLibraryContents" value="true" />
        <option name="showMembers" value="true" />
        <option name="showVisibilityIcons" value="true" />
      </component>
      <component name="PropertiesComponent">
        <property name="settings.editor.selected.configurable" value="MavenSettings" />
      </component>
      <component name="masterDetails">
        <states>
          <state key="ProjectJDKs.UI">
            <settings>
              <last-edited>1.8</last-edited>
              <splitter-proportions>
                <option name="proportions">
                  <list>
                    <option value="0.2" />
                  </list>
                </option>
              </splitter-proportions>
            </settings>
          </state>
        </states>
      </component>
    </defaultProject>
  </component>
</application>